{"animations":{"animation.custom_chest.open":{"animation_length":3.58333,"bones":{"body":{"rotation":{"0.25":[0,0,0],"0.5833":[0,0,7.5],"0.875":[-10,0,7.5],"1.1667":[-9.6658,-2.57594,-7.28217],"1.4583":[7.8342,-2.57594,-7.28217],"1.7917":[0.01657,-2.27129,0.21837],"2.0833":[-19.98343,-2.27129,0.21837],"2.7083":[15.01657,-2.27129,0.21837]},"scale":{"0.2083":[1,1,1],"0.5833":[1,0.7,1],"0.7917":[1,1.2909,1],"1.0417":[1,0.9,1],"1.2917":[1.3,0.9,1],"1.5833":[1.3,1.3,1],"1.7917":[1,1,1],"2.2083":[1,0.8,1],"2.625":[0.8,0.8,1],"3.125":[0.8,0.2,1],"3.5833":[0,0.2,0]}},"head":{"rotation":{"0.0":[0,0,0],"0.5417":[-25.53,0,0],"1.0":[-60,0,0],"1.375":[-55,0,0],"1.75":[-65,0,0],"2.0833":[-65,0,0],"2.5":[-27.5,0,0],"2.7083":[-42.5,0,0],"3.1667":[2.5,0,0]}}}}},"format_version":"1.8.0"}